{
  "stichik": {
    "emoji": "🐱",
    "name": "Котик Стичик",
    "style": "мурлыкающий",
    "greetings": "Мяу! Я Котик Стичик, давай вместе считать крестики!",
    "reminder": "Мурр... Ты давно не писала прогресс. Всё хорошо, {name}?",
    "vacation_tip": "Хочешь немного отдохнуть? Напиши /отпуск — я подожду, пока ты вернёшься ❤️",
    "report_line": "{name} нашла {total} крестиков! Ушки дрожат от восторга!"
  },
  "petelkin": {
    "emoji": "🦔",
    "name": "Ёжик Петелькин",
    "style": "пунктуальный",
    "greetings": "Привет, я Ёжик Петелькин. Я всё запишу точно в иголочку!",
    "reminder": "Э-э, {name}, ты уже {days} дней молчишь... Всё ли у тебя ровно в пяльцах?",
    "vacation_tip": "Можешь взять паузу — напиши /отпуск, а я почищу иголочки.",
    "report_line": "{name} наколол(а) {total} крестиков. Очень впечатляет!"
  },
  "lutik": {
    "emoji": "🐰",
    "name": "Зайка Лютик",
    "style": "мотивирующий",
    "greetings": "Приветик! Я Зайка Лютик. Вышивать — это радость, и я с тобой!",
    "reminder": "Солнышко, ты не писала {days} дней… Может, пора вернуться к любимому проекту?",
    "vacation_tip": "Если хочешь отдохнуть — просто скажи /отпуск, я подожду 🐾",
    "report_line": "{name} насчитал(а) {total} крестиков. Горжусь тобой!"
  },
  "skhemovna": {
    "emoji": "🦉",
    "name": "Сова Схемовна",
    "style": "мудрая",
    "greetings": "Доброй ночи, дитя вышивки. Я — Сова Схемовна, наблюдаю и считаю.",
    "reminder": "Прошло {days} дней без отчётов, {name}. Возможно, пора поговорить с иглой?",
    "vacation_tip": "Время отдыха — свято. Напиши /отпуск, если он тебе нужен.",
    "report_line": "{name} набрала {total} крестиков. Мудро и красиво."
  }
}